<?xml version='1.0' encoding='UTF-8'?>
<backup xmlns="http://www.atlassian.com/ao" xmlns:xsi="http://www.w3.org/2001/XMLSchema-instance">
  <database>
    <meta key="database.name" value="MySQL"/>
    <meta key="database.version" value="5.5.20"/>
    <meta key="database.minorVersion" value="5"/>
    <meta key="database.majorVersion" value="5"/>
    <meta key="driver.name" value="MySQL-AB JDBC Driver"/>
    <meta key="driver.version" value="mysql-connector-java-5.1.19 ( Revision: tonci.grgin@oracle.com-20111003110438-qfydx066wsbydkbw )"/>
  </database>
  <table name="AO_4AEACD_WEBHOOK_DAO">
    <column name="ENABLED" primaryKey="false" autoIncrement="false" sqlType="-7" precision="1"/>
    <column name="ENCODED_EVENTS" primaryKey="false" autoIncrement="false" sqlType="-1" precision="21845"/>
    <column name="EXCLUDE_ISSUE_DETAILS" primaryKey="false" autoIncrement="false" sqlType="-7" precision="1"/>
    <column name="FILTER" primaryKey="false" autoIncrement="false" sqlType="-1" precision="21845"/>
    <column name="ID" primaryKey="true" autoIncrement="true" sqlType="4" precision="11"/>
    <column name="LAST_UPDATED" primaryKey="false" autoIncrement="false" sqlType="93" precision="19"/>
    <column name="LAST_UPDATED_USER" primaryKey="false" autoIncrement="false" sqlType="12" precision="255"/>
    <column name="NAME" primaryKey="false" autoIncrement="false" sqlType="-1" precision="21845"/>
    <column name="REGISTRATION_METHOD" primaryKey="false" autoIncrement="false" sqlType="12" precision="255"/>
    <column name="URL" primaryKey="false" autoIncrement="false" sqlType="-1" precision="21845"/>
  </table>
  <data tableName="AO_4AEACD_WEBHOOK_DAO">
    <column name="ENABLED"/>
    <column name="ENCODED_EVENTS"/>
    <column name="FILTER"/>
    <column name="ID"/>
    <column name="LAST_UPDATED"/>
    <column name="LAST_UPDATED_USER"/>
    <column name="NAME"/>
    <column name="REGISTRATION_METHOD"/>
    <column name="URL"/>
    <column name="EXCLUDE_ISSUE_DETAILS"/>
  </data>
</backup>